{"time_taken": 2.028546265247238, "num_debris_picked": 68, "salvage_value": 2992, "reduction_in_collision_rate": 0.3, "total_distance_navigated": 811.4185060988951}