{"time_taken": 0.4690762294275842, "num_debris_picked": 8, "salvage_value": 352, "reduction_in_collision_rate": 0.0, "total_distance_navigated": 187.6304917710337}