{"time_taken": 2.0776784017951617, "num_debris_picked": 39, "salvage_value": 1716, "reduction_in_collision_rate": 0.1, "total_distance_navigated": 831.0713607180646}